Workbook

Sheet Q1
A1: State | B1: Race | C1: Unemployment Rate
A2: United States | B2: All
A3: United States | B3: White
A4: United States | B4: Black
A5: United States | B5: Hispanic
A6: United States | B6: AAPI
A7: Alabama | B7: All
A8: Alabama | B8: White
A9: Alabama | B9: Black
A10: Alabama | B10: Hispanic
A11: Alabama | B11: AAPI
A12: Alaska | B12: All
A13: Alaska | B13: White
... A261: Wyoming | B261: AAPI

Sheet Q2
A1: State | B1: Race | C1: Unemployment Rate
A2: United States | B2: All | C2: 3.6
A3: United States | B3: White | C3: 2.9
A4: United States | B4: Black | C4: 6.1
A5: United States | B5: Hispanic | C5: 4.3
A6: United States | B6: AAPI | C6: 3.2
A7: Alabama | B7: All | C7: 2.7
A8: Alabama | B8: White | C8: 2.1
A9: Alabama | B9: Black | C9: 4.5
A10: Alabama | B10: Hispanic | C10: 3.2
A11: Alabama | B11: AAPI | C11: 2.4
A12: Alaska | B12: All | C12: 4.7
A13: Alaska | B13: White | C13: 3.1
... A261: Wyoming | B261: AAPI | C261: 2.9

Sheet Q3
A1: State | B1: Race | C1: Unemployment Rate
A2: United States | B2: All | C2: 3.6
A3: United States | B3: White | C3: 2.9
A4: United States | B4: Black | C4: 6.1
A5: United States | B5: Hispanic | C5: 4.2
A6: United States | B6: AAPI | C6: 3.1
A7: Alabama | B7: All | C7: 2.6
A8: Alabama | B8: White | C8: 2.1
A9: Alabama | B9: Black | C9: 4.2
A10: Alabama | B10: Hispanic | C10: 3.1
A11: Alabama | B11: AAPI | C11: 2.2
A12: Alaska | B12: All | C12: 4.5
A13: Alaska | B13: White | C13: 2.9
... A261: Wyoming | B261: AAPI | C261: 2.7

Sheet Q4
A1: State | B1: Race | C1: Unemployment Rate
A2: United States | B2: All | C2: 3.6
A3: United States | B3: White | C3: 2.9
A4: United States | B4: Black | C4: 6.1
A5: United States | B5: Hispanic | C5: 4.2
A6: United States | B6: AAPI | C6: 2.9
A7: Alabama | B7: All | C7: 2.7
A8: Alabama | B8: White | C8: 2.2
A9: Alabama | B9: Black | C9: 4
A10: Alabama | B10: Hispanic | C10: 3.2
A11: Alabama | B11: AAPI | C11: 2.2
A12: Alaska | B12: All | C12: 4.4
A13: Alaska | B13: White | C13: 2.7
... A261: Wyoming | B261: AAPI | C261: 2.9

Sheet 9 Month Average
A1: State | B1: Race | C1: Unemployment Rate
A2: United States | B2: All | C2: =('Q2'!C2+'Q3'!C2+'Q4'!C2)/3 -> 3.6
A3: United States | B3: White | C3: =('Q2'!C3+'Q3'!C3+'Q4'!C3)/3 -> 2.9
A4: United States | B4: Black | C4: =('Q2'!C4+'Q3'!C4+'Q4'!C4)/3 -> 6.1
A5: United States | B5: Hispanic | C5: =('Q2'!C5+'Q3'!C5+'Q4'!C5)/3 -> 4.2333333
A6: United States | B6: AAPI | C6: =('Q2'!C6+'Q3'!C6+'Q4'!C6)/3 -> 3.0666667
A7: Alabama | B7: All | C7: =('Q2'!C7+'Q3'!C7+'Q4'!C7)/3 -> 2.6666667
A8: Alabama | B8: White | C8: =('Q2'!C8+'Q3'!C8+'Q4'!C8)/3 -> 2.1333333
A9: Alabama | B9: Black | C9: =('Q2'!C9+'Q3'!C9+'Q4'!C9)/3 -> 4.2333333
A10: Alabama | B10: Hispanic | C10: =('Q2'!C10+'Q3'!C10+'Q4'!C10)/3 -> 3.1666667
A11: Alabama | B11: AAPI | C11: =('Q2'!C11+'Q3'!C11+'Q4'!C11)/3 -> 2.2666667
A12: Alaska | B12: All | C12: =('Q2'!C12+'Q3'!C12+'Q4'!C12)/3 -> 4.5333333
A13: Alaska | B13: White | C13: =('Q2'!C13+'Q3'!C13+'Q4'!C13)/3 -> 2.9
... A261: Wyoming | B261: AAPI | C261: =('Q2'!C261+'Q3'!C261+'Q4'!C261)/3 -> 2.8333333
