Workbook

Sheet Q1
A1: State | B1: Race | C1: Unemployment Rate
A2: United States | B2: All | C2: 4.3
A3: United States | B3: White | C3: 3.4
A4: United States | B4: Black | C4: 7.2
A5: United States | B5: Hispanic | C5: 5.1
A6: United States | B6: AAPI | C6: 3.9
A7: Alabama | B7: All | C7: 2.8
A8: Alabama | B8: White | C8: 2
A9: Alabama | B9: Black | C9: 4.7
A10: Alabama | B10: Hispanic | C10: 3.3
A11: Alabama | B11: AAPI | C11: 2.5
A12: Alaska | B12: All | C12: 4.7
A13: Alaska | B13: White | C13: 3.5
... A261: Wyoming | B261: AAPI | C261: 3.1

Sheet Q2
A1: State | B1: Race | C1: Unemployment Rate
A2: United States | B2: All | C2: 4.3
A3: United States | B3: White | C3: 3.3
A4: United States | B4: Black | C4: 7.2
A5: United States | B5: Hispanic | C5: 5
A6: United States | B6: AAPI | C6: 3.8
A7: Alabama | B7: All | C7: 3
A8: Alabama | B8: White | C8: 2.1
A9: Alabama | B9: Black | C9: 5
A10: Alabama | B10: Hispanic | C10: 3.5
A11: Alabama | B11: AAPI | C11: 2.7
A12: Alaska | B12: All | C12: 4.5
A13: Alaska | B13: White | C13: 3.6
... A261: Wyoming | B261: AAPI | C261: 3

Sheet 6 Month Average
A1: State | B1: Race | C1: Unemployment Rate
A2: United States | B2: All | C2: =('Q1'!C2+'Q2'!C2)/2 -> 4.3
A3: United States | B3: White | C3: =('Q1'!C3+'Q2'!C3)/2 -> 3.35
A4: United States | B4: Black | C4: =('Q1'!C4+'Q2'!C4)/2 -> 7.2
A5: United States | B5: Hispanic | C5: =('Q1'!C5+'Q2'!C5)/2 -> 5.05
A6: United States | B6: AAPI | C6: =('Q1'!C6+'Q2'!C6)/2 -> 3.85
A7: Alabama | B7: All | C7: =('Q1'!C7+'Q2'!C7)/2 -> 2.9
A8: Alabama | B8: White | C8: =('Q1'!C8+'Q2'!C8)/2 -> 2.05
A9: Alabama | B9: Black | C9: =('Q1'!C9+'Q2'!C9)/2 -> 4.85
A10: Alabama | B10: Hispanic | C10: =('Q1'!C10+'Q2'!C10)/2 -> 3.4
A11: Alabama | B11: AAPI | C11: =('Q1'!C11+'Q2'!C11)/2 -> 2.6
A12: Alaska | B12: All | C12: =('Q1'!C12+'Q2'!C12)/2 -> 4.6
A13: Alaska | B13: White | C13: =('Q1'!C13+'Q2'!C13)/2 -> 3.55
... A261: Wyoming | B261: AAPI | C261: =('Q1'!C261+'Q2'!C261)/2 -> 3.05
